Product,Review
Drone Quadcopter,"The camera quality and flight stability are impressive, but the battery life only lasted about 15 minutes."
"Noise-cancelling Headphones    The audio quality is excellent and noise-cancellation is top-notch, however, the ear cushions are quite tight and can be uncomfortable over time.",
Smart Home Hub,"This device controls all my smart devices effectively, but the setup process was overly complicated and the user manual was not particularly helpful."
Wireless Charger,"It charges my phone quickly and I love not having to plug in my phone, but it does tend to heat up fairly quickly."
Gaming Laptop,"The graphics and speed are great for gaming, but the battery drains quickly when gaming and the fans can get quite loud."
Smartwatch,"The fitness tracking features are helpful and the design is sleek, but the battery only lasts a day which is less than ideal."
Portable Speaker,"The sound quality is excellent and it’s very portable, but the Bluetooth range is shorter than advertised."
Tablet,"The display is vibrant and it's perfect for reading and browsing, but the speakers are lacking in terms of sound quality."
Wireless Keyboard,"The keys are comfortable and responsive, but it loses connection intermittently which can be frustrating."
Graphic Tablet,"It is responsive and great for digital artwork, however, the pen nibs wear down quite quickly."
Smart TV,"The picture quality is top-notch and smart features are user-friendly, but the built-in speakers don’t do the display justice."
Bluetooth Mouse,"It's lightweight and comfortable to use, but it seems to consume battery power quite rapidly."
WiFi Extender,"It improves internet coverage significantly, however, the setup instructions were not very clear."
External Hard Drive,"It provides plenty of storage and is compact for portability, but the data transfer speed is slower than I expected."
USB Microphone,"The sound quality for recording is excellent, but the stand is not very sturdy and feels a bit flimsy."
Gaming Monitor,"The refresh rate is amazing for gaming, however, the stand does not allow for height adjustment."
Action Camera,"It shoots great quality videos and is very durable, but the battery life is shorter than the competition."
3D Printer,"The print quality is good and the machine is relatively quiet, but the setup and leveling process can be quite time-consuming."
Portable Charger,"It can fully charge my phone multiple times, but it takes quite a long time to recharge the power bank itself."
Virtual Reality Headset,"The immersive experience is fantastic, but it can cause motion sickness if used for prolonged periods."